date,US_EQUITY,EUROPE_EQUITY,US_TREASURY,IG_CREDIT,GOLD
2024-06-03,0.0037726272314491465,-0.03711145742575398,0.002957555735511704,0.00467215634291159,-0.000144161902635751
2024-06-04,-0.011474851022134512,-0.006609304536526112,0.0015310967989023059,-0.009907555787024503,-0.0065163107212493155
2024-06-05,0.008826777039724277,0.03073245805701896,-0.004567948427387591,-0.008319398402864678,0.0060033900798992165
2024-06-06,0.010982461738316669,0.0057171220542205445,0.005550606052400272,0.0012184986522475638,0.004942595272335342
2024-06-07,-0.021805199289599845,-0.00681185290214689,-0.0017934308826558839,-0.003443909081059714,0.00028685079121199453
2024-06-10,-0.014447867414778624,0.006097555114455379,-0.0061564660424637905,0.006770715982860065,-0.007823425135752429
2024-06-11,0.001767034235832622,-0.01942813147120129,-0.003850687600447597,-0.0014295994703228192,0.0014484587251034449
2024-06-12,-0.0032683936252861,-0.003507827031749532,-0.003759981611537687,-0.009590388375189324,-0.000564616745171655
2024-06-13,0.00012695309819871136,0.0014913935935846787,0.0002964029581217204,-0.006231459332580606,-0.013301268928490059
2024-06-14,-0.009355148638711768,-0.0008466710116145472,-0.0009358512709145906,-0.013698334477346906,-0.014695585237423574
2024-06-17,0.010288896081492636,0.010201315872663975,-0.0011738988222130282,-0.0010211516454983508,0.00583509952865472
2024-06-18,0.009136791887017196,0.004580216948410419,0.0024414596172700237,-0.0007906366064003192,-0.026085680333174516
2024-06-19,0.001066178051645018,0.008658211612513383,0.0013838144670265595,-0.001980360833466955,0.0022092323975144964
2024-06-20,0.01309917417983905,-0.008434580324821696,0.0012937550179439098,0.005595769457764514,-0.004679735403872823
2024-06-21,0.005618517982595862,0.011549506161410468,0.0016482123181905878,0.0061987024040653215,0.013324775271168219
2024-06-24,-0.009426000369373603,0.020760771737227273,0.0024279765001481604,-0.0006999467831453835,-0.004834803154301824
2024-06-25,0.004498701190784747,-0.011984639826411465,-0.007868108390323156,-0.010599114735456832,0.006785864982158813
2024-06-26,-0.010555246389541174,-0.010945818785395894,-0.0012782407704090594,0.0032695369223176163,-0.0038616266000047104
2024-06-27,0.01027815047341232,0.01706739599580381,-0.008141213131535423,0.0029574826400438617,0.001285362512573233
2024-06-28,-0.0002486463016024224,-0.0021726123983941965,0.00023550006149514972,0.001717917115635053,0.007565503051639403
2024-07-01,-0.0017786818570384199,0.017924582326479102,8.169536015393854e-05,0.005104923174949764,-0.004523234512658458
2024-07-02,-0.007403554974751148,-0.005337330666341178,0.004050946901756549,-0.005711451676273018,0.010183218002067836
2024-07-03,0.014179776101578067,0.018569946386080796,0.004588042422931069,0.010281905771315662,-0.009876644296469504
2024-07-04,-0.0014347393101753914,0.0018946608199972557,0.0008656239917276155,-0.004676331242692415,0.003108105648618702
2024-07-05,-0.004539320669911746,0.003491472608860416,-0.0017919807601201345,0.0039344588100088465,0.009438223198245962
2024-07-08,-0.003675358837714236,0.01995168932037877,0.0019329429914855508,-0.008344702935966867,0.00679144149557865
2024-07-09,0.0063532791413295885,-0.004319784357154185,-0.0018961347666292556,-0.004529363205044752,0.01945483763252976
2024-07-10,0.004461206513511886,-0.01161892866269197,9.394262151764015e-05,0.007800509844693581,-0.007555856157560391
2024-07-11,0.004997408238528312,-0.005413282578512706,0.0038264512827597174,-0.0011560813627193999,-0.013761628977432157
2024-07-12,0.00520251131835575,0.005936967347395762,-0.0020089711792590486,0.004391542222964228,-0.009883066985162593
2024-07-15,0.024601461522494705,-0.019488614847775584,0.0031443853721671803,0.0013528730737163777,0.006795524265377995
2024-07-16,-0.004290852807265112,0.008269473697403489,0.0026595428625415017,-0.0003702092295448483,0.005157480340897789
2024-07-17,-0.0054908262769296405,-0.006549785333100672,-0.0035095675107473844,0.007031889749752123,0.0011695391415640732
2024-07-18,-0.008909855093984387,0.014699175485677913,0.003780180158591056,-0.0010339182138370227,-0.01117945429185173
2024-07-19,0.007302010452608576,-0.029926749241525375,0.002739538955109576,-0.00881534637983885,0.007868184685985713
2024-07-22,0.01311880284726844,-0.009671702051049476,0.00048444999227439234,-0.0038892194153286336,-0.012204975001152958
2024-07-23,-0.0009745824060376652,-0.021009406296172865,-0.002782105491553584,0.002936475375607236,0.011820002706151526
2024-07-24,-0.009209018684352607,-0.01017141758986964,-0.0031482871509663666,0.0021519087048189026,0.02893916109577892
2024-07-25,-0.009031277928382072,0.003358392297928474,-0.0019329671761529903,-0.0077385011176031625,0.0038323692754900396
2024-07-26,0.0076944891232733304,-0.002019947996482721,0.0021500206529650504,-0.003491613022953796,0.006016066467589471
2024-07-29,0.008745170451384886,-0.002954162072564615,-0.0035127172787058894,-0.0027728698837957582,-0.004828670652926034
2024-07-30,0.00647625082094088,-0.0017674456293116383,0.0017528472140532604,-0.001683063475140231,-0.018106346416147417
2024-07-31,-0.007228710456476574,0.002800546210834932,-0.004594188391581809,-0.006775222566896775,-0.00593595128231578
2024-08-01,0.002949922281241448,-0.012468264548699383,-0.0006721004005453361,-0.0030079625710645462,-0.01087645974727594
2024-08-02,0.0016405530282462355,0.00914356363873428,0.0005136359069484517,-0.003513121549138036,-0.014445546368888215
2024-08-05,0.0027971559239345807,0.008586901714025158,0.009340929616368036,0.004046892317863559,0.017498645363784586
2024-08-06,0.010198533882128191,0.005089117277920168,-0.00510655750985479,0.004236318290849659,0.0028890845643444103
2024-08-07,0.0028527955302552694,0.007249757551478308,0.005662898448059842,-0.0005760854806134858,0.003965779990619897
2024-08-08,0.008015616530018881,0.00397261102029836,0.0006655574395776768,-0.0018169647058688552,-0.0029757637886968554
2024-08-09,0.0010837349390350015,0.025877608851491752,0.001653290122297316,0.0008638824102107209,-0.001603487846424927
2024-08-12,0.003595766152338453,-0.000859188177372675,0.000546519416361493,-0.003956421576761834,0.009860645963643028
2024-08-13,0.007475595965340135,-0.0036307896548316205,0.0017801157239286656,-0.005620760288823062,-0.0001870386318117493
2024-08-14,-0.01620513362886194,-0.009255459922161244,-0.00048166874558923194,-0.004579539357852602,0.005487781011947811
2024-08-15,-0.0033072705673408637,-0.012767191971639748,0.005594999454841743,-0.003040427481000398,-0.0018366487415787118
2024-08-16,-0.005016064254471518,-0.015440775541087809,-0.0016260924055018122,-0.005704626662583559,-0.0033096880986876955
2024-08-19,-0.006926733559396595,-0.0109596983654828,0.004378650783171921,0.0009754335698942546,-0.014041473009002428
2024-08-20,-0.0028023595621636597,-0.0006523938686786348,-0.002336272440951536,0.0038361514932399253,-0.019794947967166705
2024-08-21,0.01726850146387326,0.004449817973834923,-0.00012852422452260405,-0.007839493479603806,-0.0024974072736672227
2024-08-22,-0.009500141723279319,0.0008824246117377337,-0.003952431262413639,0.00028536695995908006,0.0007083220199818708
2024-08-23,0.011296704858042636,-0.009406742685361229,0.0018190343558848324,-0.0009496420673192522,-0.012824083419003809
2024-08-26,-0.018764489273697466,0.011579354716456785,0.0055612690566232735,0.0018797721634900468,-0.00020858508964122444
2024-08-27,-0.0034797789988572614,0.009553819272180974,-0.00019317252819361203,9.352489649467527e-05,0.0006806637993848992
2024-08-28,0.002162906611951814,-0.0017732843746240201,-0.0006449516443304173,-0.0071667216520158545,-0.02159162923948199
2024-08-29,0.006964596753613821,-0.00798787497981857,-0.004113649781324793,-0.006203113922270326,-0.009084700701988928
2024-08-30,0.008382011700107161,0.0071476375740946166,-0.0007674384204415051,0.0003070110419304438,0.004243723101459883
2024-09-02,0.009313172407430332,0.0026063398358898825,-0.005920990080671344,0.005343298667710952,0.00404007418701378
2024-09-03,-0.003636710327264244,-0.01800659331040826,-0.003351148122512709,-0.010999725345802572,-0.011489061292471105
2024-09-04,-0.00492511623231972,-0.0006183754828440272,0.0009563770332412058,0.001901028352596648,0.001735895126394802
2024-09-05,0.01004599237187994,0.003539436158769849,0.005084607630971773,0.006153861549513148,0.01044378510580081
2024-09-06,-0.0018517268326876492,-0.011096993623371198,0.010717025376570412,-0.0006124477700305956,0.007971048127147974
2024-09-09,-0.014147462950304569,0.0026298971690314997,-0.0021178768763326075,0.0029314901115167604,-0.0008215015717508775
2024-09-10,-0.012532808820807307,-0.018090945227319244,0.0055241310223718984,-0.0033844049699447683,-0.004577868995015569
2024-09-11,-0.01010814864461153,0.017072457742540396,0.0010205041272033574,-0.0004428189426671632,-0.006204307280784573
2024-09-12,0.005954733276275003,0.015960787186257274,-0.00047245602175744784,-0.008009906157814812,0.004854069094508612
2024-09-13,0.0019324163657661916,-0.0029433241347552592,0.001734259688940256,-0.011655649616193146,0.0021053520993144378
2024-09-16,0.008146828306584726,0.0048171894802373355,0.0003332286604531511,0.004909823215146598,0.006482684981590611
2024-09-17,-0.004527129321971259,-0.03012406762180178,0.0005164629717412834,-0.004805177691591582,0.0014680519896903162
2024-09-18,0.0021151314411259965,-0.014330515896159409,-0.0014441479377933805,-0.0021369143996398487,0.00839125382254286
2024-09-19,0.007410988624725294,-0.003463171253122081,-0.005185151458543476,-0.006828282049469762,0.0010922920054212916
2024-09-20,-0.0031901997384173185,-0.013269511176551207,-0.005735148512743852,-0.00694684925173749,0.00804780774406222
2024-09-23,0.005496804675871865,0.009238644907333322,0.00256823992975998,-0.000717329504008478,0.008915957408517208
2024-09-24,-0.007188074367131491,0.025401666261006015,-0.0009466216881021742,-0.003517993303950245,-0.00796997734617274
2024-09-25,-0.003799183356267888,-0.014585856840704623,-0.002153797919045582,0.002063524946327997,-0.018085490092451723
2024-09-26,-0.004011040540521603,-0.010312951901557208,0.00013135459642664858,0.0024393094260108297,0.01569583459334349
2024-09-27,-0.013242086725997753,0.0032044658530667462,0.003103767849719278,0.0017756603919071865,0.0027257657394722796
2024-09-30,0.00583920922956387,0.020536250772239074,0.0007809179759647378,0.001361165121434879,-0.0171415046570563
2024-10-01,-0.005005061926860298,-0.01516237352387679,-0.0023804482347197023,0.008109934533500755,-0.007055735380177289
2024-10-02,0.00045913030747907034,0.003375655462362064,0.004734158056574178,-0.005221436725336307,0.007918650492753752
2024-10-03,0.005768615044989874,0.023184303916091498,0.006067966513388988,-0.00011811554465941745,-0.0026799886068986983
2024-10-04,0.005380647936370765,-0.020572113961229654,0.001968454805229432,0.005866950306671526,-0.005022205097812732
2024-10-07,0.007862218279292907,-0.015901859683699216,0.0037793085087411762,0.00653141179387202,0.014258450864392256
2024-10-08,-0.0007992601100895636,-0.005098846354378023,0.004793373906149085,-0.0070062851541791375,-0.01041677336103896
2024-10-09,-0.004482291385663602,-0.006320702265891609,0.004370580274935548,-0.0014153933065635118,-0.007905740797627138
2024-10-10,-0.0005864592297739489,0.010475909154509428,0.0024202830677340775,0.0070030171491592685,0.002269464292699465
2024-10-11,-0.018815113786177763,0.00328272152641659,0.0023607456124492025,0.0027192081753110177,0.004074304692291535
2024-10-14,-0.01609125277327384,-0.02212432474470508,0.002063338696692186,0.001142763342615978,0.005141556446392765
2024-10-15,-0.014680543540530906,0.00673165594862452,-0.004048340209527093,-0.0009382975804192442,0.009323305083594507
2024-10-16,-0.010990255832175213,-0.0070382108019618915,0.002747690936284303,-0.0017754447029442622,0.002140373254669922
2024-10-17,0.004850473965246168,0.016294620929070962,-0.005025288781747606,0.0016112177092921266,0.005071415357689839
2024-10-18,-0.00994970710194143,-0.007668764511122746,-0.002904097293891255,-0.001113115883282176,-0.002473694873674779
2024-10-21,-0.003970499996019322,-0.007782503428149979,0.005026219188079562,-5.584592213014709e-05,0.0007708283859938868
2024-10-22,0.015049324484201883,0.007055712708307537,0.003274940059250744,0.0005548304058765217,0.0012227315474075899
2024-10-23,-0.003722193404771875,0.009850065432804029,0.005721043456365778,-0.003258429146997929,0.0023068743168917997
2024-10-24,0.008680100812613207,0.005883616569625808,-0.0009276263033983908,0.002840410137021197,0.007925358255600035
2024-10-25,-0.010268769115050596,-0.020998434820941967,-0.004255884911480312,0.014845142728840754,0.0057342314254122525
2024-10-28,-0.0020119826314119243,0.007016692023038442,-0.0008095608356187291,-0.00879644075696741,0.0005845543875346269
2024-10-29,-0.01045477724248231,-0.012792961351248588,0.00048484840412616365,0.0017915997981148952,-0.008016334484346098
2024-10-30,-0.003526813418503285,0.0032022956223658433,0.00039775563465762015,-0.003672267791025606,0.0008209510593300471
2024-10-31,0.009845658987643809,-0.01769927261459461,0.0043841157963476,0.0030685656377465956,-0.00014350383919126423
2024-11-01,-0.019268512286638822,0.005861225747710592,-0.001266267508796119,0.00039335777034357343,0.002085976195800502
2024-11-04,0.005243361422327067,-0.009924095755116633,0.0014297715853670882,0.003998117334470473,0.02237857355275143
2024-11-05,0.003013128666991836,-0.015921582416874514,-0.0036374530461803045,0.006082726474850448,-0.00514024450358889
2024-11-06,-0.006419566929341519,0.009231383628393397,0.0018012456760341433,0.0011284414437047867,0.004395162130790222
2024-11-07,-0.01607929452878326,0.0032825300477992408,0.00011095556453371849,0.0058637374468548855,0.010907974280257972
2024-11-08,0.0011353320586049477,-0.007497285367850006,-0.002734821683393621,-0.011655420747969557,0.001126655337328057
2024-11-11,-0.005686422664845527,0.018521230201841352,-0.0007921448567388549,0.00817385635377208,0.023702152847424926
2024-11-12,0.0029557605656542448,-0.005313603438533013,-0.0005969125405207184,0.0020488657398727594,-0.0036713890224729538
2024-11-13,0.0005652403574669884,0.0006426139071611181,-0.0009218840617000024,0.005590550104606487,0.003405401212146672
2024-11-14,0.01847992575352274,0.003626086222659798,0.006794246940738497,-0.005988865748413365,-0.007912316241916954
2024-11-15,-0.002396577390528718,-0.0075689617030611596,-0.00027288456461527964,-0.0040279565145084914,-0.0034041474115949232
2024-11-18,-0.011287910395292339,0.006173854599776069,-0.0008226342983154295,0.0008941900312407606,0.0026479068690808617
2024-11-19,0.0023502549441500762,-0.006482772604293108,-0.007828413109351812,7.28672672018422e-05,0.008668832059974468
2024-11-20,0.0028119882390952888,-0.004948060146133161,-0.0032805797563126475,0.0015852617546323155,0.0033550625097338764
2024-11-21,0.015729198785353546,0.017405778813200972,-0.0008951177331674322,0.005624172842348984,0.01282957370187278
2024-11-22,0.009786731776445802,-0.012872056727191888,-0.00249307310392438,-0.008737144057518152,-0.0008182714730395579
2024-11-25,0.004363997771570988,-0.03016007963746455,0.005321570173045215,0.005066316988703059,-0.0032090551999337624
2024-11-26,0.01690975550144072,0.020533993650453195,-0.0005241998443631113,0.00020046706183359547,0.027392497051492944
2024-11-27,-0.013161845723338951,0.0323566084425885,0.004969067866159775,-0.000868233891253564,0.004112430899868985
2024-11-28,-0.006936640210517795,-0.004867817573317872,0.0003324279441170949,-0.007254993765271586,-0.007112803467528333
2024-11-29,-0.010188923304430716,-0.024163770406145847,0.00023991434494989846,0.0026938571566108957,-0.006858632098510971
2024-12-02,-0.004102567387247695,-0.003673635176595073,-0.00023641267644111897,-0.012007229863968294,-0.009362431567437017
2024-12-03,-0.015292693310346385,-0.0033679749752272624,0.00011355483164150146,0.003426328835532545,0.009578620702835614
2024-12-04,0.007519395104280857,-0.0021547202447002828,0.00659564082459268,-0.007360776451650402,-0.0035336890173757237
2024-12-05,-0.002202308220528492,-0.01378927557923032,-0.008668098110024397,0.00042813271567198393,0.001422581982026332
2024-12-06,-0.01635991546255022,0.007539879297853485,-0.007465925475799916,-0.00044182433193343815,-0.0005012183821931062
2024-12-09,-0.01119812404937379,0.0068462670277438555,-0.0019537864199347314,0.006052648418811768,0.007511639354959449
2024-12-10,0.0038723732014385665,-0.018589645847139152,0.00015411658161108415,-0.0007416072653593001,-0.008395489373526705
2024-12-11,0.009820922313937278,0.009047146045589649,0.0027075559014790073,-0.0033393993807205712,-0.010701860772854432
2024-12-12,0.02295826049404623,0.026099495153266365,0.0018873078841050146,-0.002394307454707301,0.0023995932490563565
2024-12-13,0.03335755505903514,0.0024045917856973997,-0.0013531066904721922,0.006573456357328591,0.006195989137998187
2024-12-16,0.005016421609206751,-0.004011802332370597,0.003950829474101342,0.0028614128431688553,0.0034904995683152657
2024-12-17,-0.01090284730435123,-0.001550977098543265,0.003992978975697852,-0.0017846622778426371,-0.008019637834941116
2024-12-18,-0.023857672150376447,0.007989601894516344,0.0007948795612041343,-0.001032847794827251,0.006967294257230573
2024-12-19,0.0033530229709598414,-0.021566317472823726,0.0037377099699396578,-0.007739100016673339,-0.0073585245324939525
2024-12-20,-0.008900425262835021,0.002309223418709653,0.001129708582322214,0.0021164561134306035,-0.005117726551927962
2024-12-23,-0.00439224832117082,-0.004681288124831847,-0.002023000014009835,-0.008709907395302866,-0.009375268351557886
2024-12-24,-0.0066230650051579375,0.023518502145935243,0.0027367060873023643,0.003947428225659461,0.013253332343550786
2024-12-25,-0.001278958278205813,-0.0019562749467436726,0.0005172846550398989,0.000806922057711077,0.0065231779274780785
2024-12-26,0.012404540002497499,0.021251503970608845,0.00010427049393107696,0.012187836545721947,0.006236648953223256
2024-12-27,0.00209822368840033,-0.013667730467771864,0.005666447556003261,-0.005385431905298129,0.01270959842284077
2024-12-30,-0.0014812896600066563,0.007636865288110412,-0.009164219575560217,-0.00035863814977914974,0.028487728645431504
2024-12-31,-0.011425749429744772,0.004262160317523903,-0.005259136153472504,0.009221248334708294,-0.017088490940924884
2025-01-01,-0.018671659382121373,-0.010710870930549152,-0.004387498132087925,0.006162769592615454,-0.007303247518406343
2025-01-02,-0.005196753059733303,0.002473076204183093,-0.0012737898430269928,-0.0033498487903107707,-0.006071572203682847
2025-01-03,-0.0002923764868538371,0.015514396677322472,-0.000863122077888265,0.0012874199058821856,-0.008436566849772023
2025-01-06,0.020363901260564386,-0.0038412967910862474,-0.0055979490919319695,0.00016880596798063958,-0.01072212935922068
2025-01-07,0.001794634543111174,-0.02107863046339628,-0.0036243410159253375,0.001579654169816721,-0.002881330109545417
2025-01-08,0.011460678959135584,1.6824422958559913e-05,-0.0031544693644690483,-0.003362288278454685,-0.012123323967389186
2025-01-09,-0.00534401961587,-0.01113136707705836,0.00938739636842278,-0.0002914023604132423,0.0035157985390766805
2025-01-10,-0.013118539069121067,-0.0040749951776240445,0.006909150806995037,-0.0078946968261046,0.0006599589906016347
2025-01-13,-0.010625935135425583,-0.0007898140410059271,-0.0014570601674639971,0.0008396883490835895,0.004987202109681614
2025-01-14,-0.007905830301384035,-0.021251102794015615,-0.001275009317951352,0.002426621181038696,0.005256310666362036
2025-01-15,0.02445203853953875,-0.020117286521381537,-0.00424437648256736,-0.0009873559539633559,0.006216626690925318
2025-01-16,-0.008996189183035009,0.006311566486249603,-0.007112848711469319,-0.007980361291176007,-0.0036247194317397644
2025-01-17,0.009825034217884342,-0.006347541312899548,-0.000342559231404831,0.005140462486669928,0.021518004844980437
2025-01-20,-0.009920771533480829,-0.032074646213891694,-0.0036723196406740545,0.001995763677178399,0.002501732446172111
2025-01-21,0.010880505403879267,0.010126200661129518,-0.0002214985156354935,-0.0035000420252604054,-0.01863319292480582
2025-01-22,0.00468239398861818,0.0036696316052912464,-0.005949003255193659,-0.0012553631748072082,-0.009964108991264698
2025-01-23,-0.0014586464957880847,-0.008755882150621577,-0.0027807863966109302,-0.0074039327743833,-0.01740373231161466
2025-01-24,-0.00014474328381880767,-0.016352405987413353,0.0006609639667166157,-0.005008851155455174,0.00031360552814180254
2025-01-27,-0.007107134269616559,0.01076828494034188,0.0014833485255796187,-0.0025515842693266304,-0.001088792372953487
2025-01-28,0.005375443654177529,0.004639499369811845,0.0016771020380269028,0.006349389158023948,-0.004582398365792392
2025-01-29,-0.0048415674237868925,0.030256062443604157,-0.004891772880907694,-0.0030640640029284886,0.020407118977794337
2025-01-30,-0.013579602781120463,0.005531973980813791,0.0033296147649982907,0.0033851037368835346,0.005672116160664103
2025-01-31,-0.014172989737031832,0.005122695687132551,-0.00292530957281303,-0.002554128506961911,0.00745727247654028
2025-02-03,0.00227442335854834,-0.0018649989997049264,0.00249118443104904,0.001408268414347521,-0.009245449783188447
2025-02-04,0.018222672154339772,0.010528503911868622,5.89959311912396e-05,-0.0005538361939852711,-0.009931545039425447
2025-02-05,0.0021315946947657325,0.008113428527282742,-0.0051030494082484985,0.004558521862213911,0.0005098534507561446
2025-02-06,-0.0010277718547442405,0.016008348011922382,-0.0010959086385812107,-0.0025364656493916653,0.0018826369519685505
2025-02-07,0.003558424104274425,-0.006329956168917214,0.0014801514914644606,-0.007766067325327106,-0.018570973063253737
2025-02-10,0.015126128119060904,-0.005247523297089564,0.0024159977192461718,-0.006805638339469407,-0.0016784350810094266
2025-02-11,0.0028050240629233984,-0.005798037345597971,-0.0004336778143762373,-0.0025216804639837443,0.0002807221525535933
2025-02-12,-0.004342016509956118,0.010201260431435454,0.005888786360733205,-0.006135940422259854,-0.002029610872686034
2025-02-13,0.012861595196275626,0.01911583876133691,0.003907239125276898,0.0022260044031084847,-0.0080593158725343
2025-02-14,0.005179101356834024,-0.005542751601520407,-0.0008708550293004651,-0.0021885207609372843,-0.00529911459657141
2025-02-17,0.017731296443026158,-0.005113550701020784,0.0029344003033770164,0.012125622335863482,-0.0016436842283265446
2025-02-18,0.0023951435425119197,0.0041950963182335625,0.007408258704584648,-0.008598528257155824,0.0010540671041688113
2025-02-19,-0.01356671345125041,-0.0028582086231825443,0.0075091416389829685,0.0011849449197734094,0.006234615069666008
2025-02-20,-0.015196006804608102,0.012232843814279509,-0.004542196928898341,-0.005525618776049636,0.01103289544630247
2025-02-21,0.019037223493920237,-0.028131631994670545,-0.003402759641634772,-0.002327778875933647,-0.0028278573032295825
2025-02-24,0.019861992491458175,-0.010177409341638513,0.005711671816099959,0.0008714173149221751,-0.004458733411768043
2025-02-25,-0.0017180962278413587,-0.009619424006556408,-0.003900720047548638,-0.011560040058004534,0.004550043449072687
2025-02-26,-0.004027475499449116,-0.0289956426757488,-0.004899529275569806,0.001352221604418272,0.006295626940131395
2025-02-27,0.016888680969950325,-0.01190260798848098,-0.0017384347346920965,0.009748482374247249,-0.004237440122766386
2025-02-28,-0.012235257816860905,-0.01129178806346732,0.0016875140171159833,-0.00212638407440432,0.00810530632866089
2025-03-03,-0.009827790468742355,-0.002295585254068509,-0.0002878168233150857,0.0014680386878121743,0.01001218108189106
2025-03-04,0.0076121005052811165,0.014260147462049112,-0.0023596930102493963,0.005323849993635044,0.013157864736511066
2025-03-05,-0.004156941201790667,-0.0028493787579911573,-0.0024490772287132285,-0.0006675178177461355,0.018062678871546188
2025-03-06,0.00025938380779006007,-0.012748936913670348,-0.0025931746823505443,-0.0027690339945717524,-0.008593764957913894
2025-03-07,-0.0015358079527772223,-0.00047946453374655507,-0.0032250275838198337,-0.011309903315144587,0.0002789696719858093
2025-03-10,0.0041451959106038145,0.013456440402203973,0.008722968029808082,0.003389019751529179,0.00025255738646835085
2025-03-11,0.016276804516904872,-0.012057830082290739,0.0012236925015569385,-0.00041158501919617385,-0.0008495997683517394
2025-03-12,0.0013445966154515623,-0.011234069966465048,0.0034508405360488253,-0.004944716750801589,-0.00640506623790784
2025-03-13,0.007619039916992876,0.007275150672826377,-0.0017493327257762118,0.000796717610527629,-0.01483416870241148
2025-03-14,-0.022929306214872,-0.0025529974697282016,-0.0006036438257453701,-0.0027827423541509884,0.0010730099016126099
2025-03-17,-0.00023495443588074494,0.008395635568280203,-0.002597774196116472,-0.002504287230221634,-0.007605408229636016
2025-03-18,-0.00924387222463988,6.616182245603857e-05,-0.009923309084612765,0.003214150389513932,0.0010056217057690278
2025-03-19,-0.01350258076493308,0.00907822627075874,-0.005109179152049951,-0.006586083211680983,-0.007864317745366776
2025-03-20,-0.009639851580180606,-0.012802663225129948,-0.006744289002788176,0.005436703094401841,-0.010944625435837912
2025-03-21,-0.0034711433880750485,8.584294920563659e-05,-0.008404177050975526,-0.0068849460289409905,0.002500394390403026
2025-03-24,0.010702818969942374,-0.002416349436807331,-0.004418825898567978,-0.0031809710222227743,0.0016600348980932943
2025-03-25,-0.01472241941945101,-0.015080690507428763,0.005107068100386956,0.009849468090269799,0.00597750235593056
2025-03-26,0.0006647887961383685,-0.019459875382829322,-6.874657788291038e-05,0.005840064137111773,0.02217032479672895
2025-03-27,-0.005172505024052747,0.008877720995901022,0.00497707887231163,0.0006506080465586336,0.0029337046631577788
2025-03-28,-0.0033980033354343215,-0.004183489168449794,0.0016525744801494844,-0.004581096604618804,0.005028053541016314
2025-03-31,0.011687665307374319,-0.012641425692590004,0.0030570006908078474,-0.0025085515543392172,-0.01072190843912341
2025-04-01,0.006419115844419884,-0.0009736454688652612,-0.00330586423145255,0.0005280030342230664,-0.012831918913084023
2025-04-02,0.01548212944395435,0.014449797003511898,0.0020795548120474947,0.00034782947522134683,0.016092310161240082
2025-04-03,-0.001434469411578322,-0.0284965006885114,0.0028534872637686766,-0.00029921628164231623,-0.009168912400635597
2025-04-04,-0.007573787156483157,-0.01861777988572246,-0.0020803155500067065,3.3488928984479806e-06,-0.01038307833307784
2025-04-07,-0.0022208600750608953,-0.011389181017181615,0.002214070162279619,-0.0009216188461496908,-0.0002551911951869441
2025-04-08,0.0030671154750379925,0.01864721858250087,0.002239194927146472,-0.00710815961335903,-0.0007701651908875102
2025-04-09,0.0023196140087231054,0.0037983565740405513,-0.0019779073191563633,-0.002444239314128828,-0.008957521673650777
2025-04-10,-0.011978344670314967,0.009905383785489308,-0.004144459438940679,0.004768002139619511,-0.0029349522282531015
2025-04-11,0.0013435179962313032,-0.014126582126680156,-0.004376378060205908,-0.006737026530261297,0.012529831428941214
2025-04-14,0.0029053263332621333,-0.013866730998956375,0.00042616656485357837,-0.0007965398282690131,-0.007984763100735526
2025-04-15,0.028862932754787907,0.0058800177530086584,0.0013351874764640482,-0.003972441330404716,-0.013908009407135657
2025-04-16,0.021598877850158845,0.0009722827974946169,-0.0028962597293459083,0.0007198835769542695,0.009639339587162203
2025-04-17,-0.009357409882817434,0.007151554521151417,0.00019968949444724223,-0.0017997969809474346,0.005100775365815022
2025-04-18,-0.0029411607065263187,-0.002126337001417824,0.0022556336511696394,0.0076040943988544465,-0.006115350936334683
2025-04-21,-0.016276412232656422,0.003742376804436763,0.002435747626083029,0.0027116692908484437,-0.01580785571012423
2025-04-22,-0.006380527639606583,0.002230208458057266,0.005964761866962274,-0.006452136404534102,-0.00736620909795547
2025-04-23,0.0038960846832932663,0.010037043282736784,0.004925740222052527,0.0035414013811115325,-0.0004124800083111479
2025-04-24,0.013990555167819005,0.010405443904736028,-0.003685319537898463,-0.003745148249505978,0.011887759213008949
2025-04-25,-0.00794957333790892,-0.020170373585327802,0.006462564093742759,-0.002749058233749119,-0.010308875374110415
2025-04-28,-0.007099863117272284,-0.028074827269558556,-0.0019076961980404733,0.0017402293661309637,-0.000712991443758748
2025-04-29,-0.024030508678249646,0.012858900948520926,0.004048454368416417,-0.0023194438992958097,0.006943707437746731
2025-04-30,-0.0015269978505991879,0.015202024869914675,0.00035617164207710114,0.0046583005332598805,-0.023862029919198204
2025-05-01,-0.011729186781416916,-0.012620546152286256,-0.0014585718770893335,-0.003744433671139903,0.010558474066735681
2025-05-02,-0.0056858185071814345,-0.023193628405868773,-0.006733245560446324,-0.0029604672755508083,-0.011779092641336851
2025-05-05,-0.009625206340216883,0.0014858167024802327,-0.0005492465477037329,-0.003149068226316595,0.003485088934912585
2025-05-06,-0.0007513765818168242,0.011965554560742624,-0.005794708278310733,-0.0026918211937446567,0.002625221332699055
2025-05-07,-0.019613306236513656,0.02288565744996721,0.0037552538083817652,0.005698134919114449,0.011070492192425197
2025-05-08,-0.016317269174186626,0.006742833229937519,0.005832143722405362,0.003327565621991139,0.005691684710018535
2025-05-09,0.024460853195586156,-0.004445094939696195,-0.002912834071841505,0.008776037698109982,-0.023821947055019613
2025-05-12,-0.014280539606682224,-0.011014292919095633,0.0012405484748113627,0.01158658277871963,-0.007770942433241573
2025-05-13,-0.01211891917748153,0.00038236795214769976,-0.002642515894204707,-0.005035595438549063,0.0015318656591071444
2025-05-14,0.021146101928324883,-0.0035322856317132074,-0.0022762426489986312,0.0005136092033972043,-0.001826323641902162
2025-05-15,0.03325782576781105,-0.012550558297150492,0.0030265211751554747,-0.005768762279048792,0.004952752562917427
2025-05-16,-0.012966856586314697,0.026049990234869185,-4.645458907702097e-05,-0.003760035370472841,0.008094955934883796
2025-05-19,-0.0038580903691972515,0.022729103048825812,0.0066744579031062365,-0.0030165872271513757,0.006271505953187365
2025-05-20,0.004190336231898495,0.0145509633045237,-0.0017234610976024798,-0.005168829639840625,-0.0020207995308892676
2025-05-21,0.01991904914226188,-0.0113635292728469,0.0038763426518332905,-0.005142283424818669,-0.018470438988593352
2025-05-22,-0.010872447150046313,0.011010326182119456,0.0004673944421325321,-0.0005683947624814678,-0.004451930582817663
2025-05-23,-0.0024637290360101202,0.008296630531050526,0.0031069645100594567,-0.005972954318683691,0.004335485360600037
2025-05-26,0.009131639936053731,0.0058136460259227175,-0.0015908907338411898,0.004402651122961071,-0.01085178634190047
2025-05-27,0.005247244224002296,0.01598239770796645,-8.810844997498938e-05,-0.004466312936234705,0.006501540107407388
2025-05-28,-0.003947748619490856,0.008243019210656342,-0.0003373383812674329,0.01431762689427096,0.009294632725868916
2025-05-29,-0.0011999494703348226,0.009561398266231702,-0.0030607925189766795,-0.0021160336563807343,0.0014175878179004157
2025-05-30,-0.01527239277213435,0.008262360163130002,0.002601639332279675,0.0005216649597241037,-0.030741109580098985
2025-06-02,-0.0023831760913202507,0.004531663402481521,0.0025569165763883535,-0.00636917581665455,-0.01274303096368692
2025-06-03,-0.0027030899008642474,-0.022233292785098554,0.0023426322238277006,0.00875662445561148,0.019149888657138677
2025-06-04,0.0029500194168962657,0.00129162178662674,0.005908390483368997,0.00580048329010543,-0.005369694282353697
2025-06-05,-0.005979358470797958,-0.006769264782517408,0.005577214789285774,0.0016550455002081667,-0.019859395049905255
2025-06-06,0.005664204592780009,-0.01588638519823926,-0.0013179513718580165,-0.006628516715895875,0.012589012306454657
2025-06-09,0.011800578329171718,0.02142699297850177,0.001509211578624795,0.0012203914309926308,0.0002735005987430436
2025-06-10,0.0020798632351320253,0.02202138899987104,-0.0022577827096303626,-0.005492751098924484,0.011275642211967942
2025-06-11,0.00430600308330702,0.017362665167895787,0.00018748114667836786,0.007528307978876538,0.0029303699482121186
2025-06-12,0.0009201853055070456,0.0034534820583224006,-0.002167633495531511,0.004236688297219856,0.0047607305492088576
2025-06-13,0.00031841724516997686,0.017254372307225062,0.006222496555511383,0.0006396977038838192,0.0037976781958193764
2025-06-16,-0.00786423873934758,0.0003899510399037058,0.0014738561464944355,-0.012119449089426916,0.007168910282097323
2025-06-17,0.0039061679221742067,0.002793100767774422,-0.0007248662958401428,-0.004797220536239361,0.02309323020365352
2025-06-18,-0.0007856660195461285,-0.013538349104816123,0.004610660494063568,0.003624720474215166,0.009925712837140492
2025-06-19,0.02405175802159734,0.005239715544566896,-0.008104948745483955,0.006271089430245206,-0.015789434242984422
2025-06-20,0.018157628014576488,0.0009988864252321622,-0.007513385909341413,0.005748420602441724,0.004640813801846052
2025-06-23,0.004692548984443664,-0.016173778790361183,0.003107193728411488,-0.0078642612468169,0.011643933607990237
2025-06-24,-0.008334795166684908,-0.0004069277414832462,0.00032775560047001735,0.0016784109417869065,0.012260973596361073
2025-06-25,-0.01229610015586862,-0.0007664028481179,0.00104580438815804,0.0052764458071411155,-0.00416088518057892
2025-06-26,0.013823751873746943,0.02288523720651834,-0.004914099692716528,-0.008198495549506534,0.011880425243837082
2025-06-27,0.003296756489949947,0.011504124220408498,1.1391176430274956e-05,0.00011889514556431058,0.00948965334581388
2025-06-30,0.005761774770413327,0.00038229421658074345,0.007671760133920056,0.0015387661289200062,0.026067427485457206
2025-07-01,-0.01946428537811918,0.0033725207194402274,0.0032143880987118363,-0.0013569808787556434,-0.007420418071035753
2025-07-02,0.010833624225378787,0.0007951188444498353,0.0007406367982175453,-0.00917528823599661,-0.004975228216811507
2025-07-03,0.0054701026271963115,-0.00231838067288648,-0.0015602614483481844,-0.001482634035058083,-0.002946501106557846
2025-07-04,-0.012273640135979492,-0.01339920560296205,-0.0013921388509992839,-0.0014907341673951549,-0.004802085953693938
2025-07-07,-0.005029128443297601,-0.0016649795391300054,-0.007948405232032087,-0.0005874846192978547,-0.008831677075155845
2025-07-08,0.0033077323425026754,-0.009161859241530441,0.0010729956083997685,-0.0026808989128237677,-0.02770626288704382
2025-07-09,0.0009123778911962877,-0.015514399887382593,0.003294832124561821,-0.002073841241757764,-0.004242469977861852
2025-07-10,-0.0029954495306613324,0.006678884695637899,-0.005856074937365598,-4.137069570225571e-05,0.0038616682058538235
2025-07-11,-0.0008559863436053384,0.0051675666047218925,-0.0024007145221951157,0.0023884917800352607,-0.004832320042131911
2025-07-14,-0.002539694591466047,-0.022272303527100207,-0.004275598748282894,-0.001375436521176844,0.01964569766501034
2025-07-15,0.002047356602093519,-0.0013075859071438897,-0.003549478206940872,-0.0019057063923285944,0.00027370440900145206
2025-07-16,0.017002610960750314,0.012782753557969297,0.00030134789818050587,0.0006241507640517621,0.013151238661749482
2025-07-17,-0.028785710833178157,0.01358305998045561,-0.0077790932712888125,-0.009521776182949896,0.0027737589830578798
2025-07-18,-0.0023681692447646485,0.01316242462858086,0.0024209303743940955,0.0025627612316506637,0.008468291645549644
2025-07-21,0.0023189230471689043,0.0007283555627488807,0.0029485106915345324,0.00015589241596573024,0.0029533792028829304
2025-07-22,0.003673716687239813,-0.01040847516373042,-0.0008498722243798978,0.000358766730227828,0.0139349412105038
2025-07-23,-0.0038996546445461432,-0.01341522663467499,-0.009276990497451775,0.0050003759756878435,0.000702704542042795
2025-07-24,-0.019601892364690114,0.004579708945440698,-0.003666902059529365,-0.009682535077255451,0.005139315608402023
2025-07-25,0.0040365795220026176,0.005016574515153586,0.004759137647158175,-0.009788457553656598,0.003831177801234568
2025-07-28,0.019903770719428573,0.016456942744301612,-0.01040062509417587,0.0015385718401382123,-0.002766755411306196
2025-07-29,-0.017074893209889305,0.014096536200175893,-0.00121430868427457,0.00012286458008839234,0.004220726988900096
2025-07-30,0.010112349316501614,-0.0014278292446555144,-0.004360777374632204,0.0010163413407549568,0.022659385423373483
2025-07-31,-0.0034076655673761836,-0.015437425405859125,0.0031401962495802263,-0.00217017139368116,-0.0025864561170420514
2025-08-01,-0.0003778924041547586,-0.0037822699876711567,-0.0024524845422244507,0.003506757977074684,0.004366697613506221
2025-08-04,-0.01162128660445223,0.002974951040352729,0.0016260090348792877,0.0048587881427178126,0.012816109110954692
2025-08-05,-0.0034749162104148476,-0.0023079143401581108,0.002236445842594579,0.0025977716611193026,0.011631561700332813
2025-08-06,0.015058580421176903,-0.007042686162395048,0.007039487667601175,-0.00115572171895914,0.0002569792795250451
2025-08-07,0.00692414976197874,0.0034241444321663635,-0.0006678420987209464,-0.01046302595669409,-0.023883411246829106
2025-08-08,0.01996002760825645,-0.006111175500277488,0.0015205204691313226,0.004035316265268417,0.005346763783631551
2025-08-11,0.013668056241427898,-0.007674793640245767,-0.0055137757663723174,0.006315663911892805,-0.022231308938257973
2025-08-12,0.0052962352736699875,0.004162032117586228,0.004598546700339912,0.003406999232186017,0.014954463578204758
2025-08-13,0.020091819141828494,-0.004826535218643243,-0.0027752469105951283,-0.004274250994556735,0.001847024953272739
2025-08-14,0.005295174854375631,0.003313521462743314,-0.0020202451719651955,0.003554334730986237,0.010214655931607078
2025-08-15,0.009705963764489454,0.003680142388805352,1.5117588648355853e-05,0.004495392259775918,-0.008953536736133914
2025-08-18,-0.003045338207417384,-0.014117360826205001,-0.005807941230401123,0.008014425646964857,-0.015508915617477562
2025-08-19,0.0010720189441261203,-0.00582497302097672,0.0009638757834506662,-0.004256448852056161,0.0027670460458692047
2025-08-20,-0.007590582517672768,0.01835238201810674,0.0037558851492093775,-0.0009824936773731583,-0.00019980195042632208
2025-08-21,0.011538287427586552,-0.01440273044941924,0.001206392131453667,0.003924627318796297,-0.004815376959671466
2025-08-22,-0.013043246921203878,-0.02642924420683086,-0.005906261955898216,0.00044804972401743065,0.0009921943917274303
2025-08-25,0.009188479363874711,-0.023218948834241086,-0.0003687487976431916,-0.005472071685109489,0.028032020849390053
2025-08-26,-0.0018443194768973663,0.0006048460920011559,0.0029038119819289306,0.002248199834345643,0.008550115788197763
2025-08-27,0.013598154030839249,0.0006276163280455314,-0.006998923993249183,0.0030749106850715973,0.010716840555263502
2025-08-28,0.008831514366203776,-0.0012436622616021035,-0.003963027351002051,0.000602021488811658,0.008644973221395806
2025-08-29,0.02096164728279775,0.0155354491988994,0.003412229763069153,0.001265334175827987,0.015050465676574103
2025-09-01,0.008603666448201276,-0.03343645336019371,0.0011200711336921073,-0.0011450250385368272,-0.0017768535026287712
2025-09-02,-0.01750780068585772,0.005226393177953498,0.0016563125685395098,0.0076085557440443135,-0.020571158439517588
2025-09-03,-0.00044171730386260706,0.019910367474134005,0.007127436099473742,-0.004380331795409732,-0.001761880667870165
2025-09-04,-0.012971852109903384,-0.013970606844312757,0.0018701693892574092,-0.002801088275741695,0.008320415818264853
2025-09-05,-0.005559280707277913,-0.00454701703104278,0.002585789300831005,0.00021409194314571817,-0.009635780318146022
2025-09-08,0.0174531800688602,-0.009247451319512176,0.010344861395778292,0.004588242103787566,-0.0016387128053370098
2025-09-09,0.007546414243305676,-0.011029605828357401,-0.0007088989220500809,-0.007387321323042342,-0.0068334947473137194
2025-09-10,-0.0076076658157760565,-0.003872419654953667,-0.0029165070335357536,-0.006444544781413808,0.015277920745351092
2025-09-11,-0.011177014188148093,0.01822271933730327,0.0017161247513935792,-0.010110456262094262,0.007692705578787826
2025-09-12,0.0006891743112037809,0.02338699145525579,0.0017584364799938673,0.00032349860650043166,0.006705801084243523
2025-09-15,-0.013477035154885622,-0.003994341167085682,-0.001891590706221622,-0.005477001426118168,0.006404041228505197
2025-09-16,-0.007292555120383642,0.024239597900086007,-0.0038028876051170984,-0.0017792202369840044,-0.00023654828740050503
2025-09-17,0.0038553151821229177,0.000686316717262526,0.00882959764649214,0.0034917629454263724,0.002130069054626752
2025-09-18,0.013417467464108858,0.02233252539569806,0.0013345585496235095,-0.0030743412595844333,-0.011806648855099362
2025-09-19,0.007220166588589268,-0.0009373572601965798,-0.0026685722335336153,0.0013242819966328772,-0.021898374851476717
2025-09-22,-0.02566332063140524,0.0018892686432707682,0.0035610974893492556,-0.0013497911020040317,0.0016515644979418532
2025-09-23,0.0037686546276442493,0.004842640786454378,-0.00031332354770757104,0.003545867930828591,0.003404403728142903
2025-09-24,0.001134244263835004,0.04028788709461502,-0.0008565956767069535,0.002553150553224595,0.012327130097785646
2025-09-25,0.005010535025296175,0.010963285360647496,0.0022243980464118104,-0.003328287905696017,0.01597646525278478
2025-09-26,0.0186435555353916,-0.008672600273278886,-0.004783649657815209,-0.0006911947892176308,0.01596298622243321
2025-09-29,-0.023077462722088802,0.012446320884291177,0.0014320119021790628,0.00541870246908065,-0.009920243417513666
2025-09-30,-0.006385022520428844,-0.004320566235127255,0.007329495907154341,0.0021411632448582775,-0.0034116089322942193
2025-10-01,0.007017708224232634,-0.005932177088119034,0.0018611922934171502,-0.006881296880893735,0.004980203529183924
2025-10-02,-0.017616134493658314,0.011685396376998206,-0.0013227417462557491,0.003462734625209798,0.02565808934842007
2025-10-03,0.01705314944154077,0.0006297368314320995,-0.0018174714515662193,-0.00530719360566081,0.015056886636438411
2025-10-06,0.004494231707426368,0.0037478218621458488,-0.0014517329685936966,0.007277126933482923,0.011421351780162018
2025-10-07,0.009916820419480915,0.00041429247183631765,-0.0008606823485170668,0.005319703202861811,-0.003769646318004797
2025-10-08,-0.006156432286890992,0.004478644040469276,-0.0013287681213278867,0.0016196156405771905,-0.008762926661817525
2025-10-09,0.009544673244424004,0.005592162287140152,0.0035625380585870906,0.000951109209518201,0.008090332952776115
2025-10-10,0.012432788975002693,-0.02416539429378148,-0.006451708303885436,-0.0008946933944876233,-0.010954733903058036
2025-10-13,0.0029580488621576283,0.008636121485207125,0.003357260297085844,0.0035781694615974933,-0.0022643236376314636
2025-10-14,0.0029753166139129678,-0.012134186511937648,-0.0013358738246357787,-0.001709816180257229,-0.0010179640979802215
2025-10-15,0.003382864516462065,-0.017933165851683988,0.0015239350609298138,0.0013458907189069496,0.016193933643964334
2025-10-16,-0.009471954822906647,-0.0004978172620001075,-0.004160407566462048,0.0045528663365989415,-0.0034361238895364104
2025-10-17,-0.001355357678963436,0.0012961564267797005,0.005120959759260693,-0.002672508696693641,-0.02444643655593902
2025-10-20,-0.001411982640551339,-0.008499261162611845,0.004807263962038666,-0.0029465893645057696,0.005223213033317426
2025-10-21,0.004664738114320515,0.010708112509340407,0.0037261176229040874,-0.005860306101302274,-0.00690658914658735
2025-10-22,0.011654401655019225,-0.01667172241001982,-0.005626028556503802,-0.005205708248233356,0.0005685692271677279
2025-10-23,-0.01168521065412633,-0.004888914080212082,0.0032329894360696157,-0.009055516112490232,-0.0007350123527435367
2025-10-24,-0.0011000088505236925,-0.00713062623479407,0.001629414747639701,0.0038367215404263868,-0.0026197880855053112
2025-10-27,0.017115587278185913,-0.0003488491979963221,-0.005968148660386909,0.009274802580290719,0.008104773195343865
2025-10-28,-0.008114037673709846,0.003751454984354863,7.370870681956949e-06,0.007341712865177527,-0.015310936869536022
2025-10-29,-0.009005978516548599,-0.01246016234704405,0.001477017209617799,-0.00803596539876584,-0.00507212468639508
2025-10-30,0.0026113969129197387,0.009363199254577084,0.002200973327446638,0.003811654344637033,0.007033343004882024
2025-10-31,0.009891888423617715,0.0010318504696271717,0.0007691913406435441,0.007325472520222595,-0.006050503871005079
2025-11-03,0.0004470196095170801,-0.0235981870483987,0.0011999576391308535,-0.002143375756406433,-0.016076358578922683
2025-11-04,0.015386456993896758,-0.024437837482239665,0.005668933882139697,0.0006699771542473063,0.0068772933686631595
2025-11-05,0.010032590900407347,8.288673609945744e-05,0.004733178955714673,-0.009960099692020198,0.011458618759137664
2025-11-06,0.009862802655981155,-0.0025458312892174873,-0.010737242797743539,0.0015029540942207188,-0.0003146201763039016
2025-11-07,0.006600550859720647,-0.001064875719431121,-0.0011005986117140023,-0.005201107076598231,-0.0196245770651911
2025-11-10,0.02671056564007837,-0.00011445057643634349,-0.0005231160393544237,0.0011647960832516684,0.007254395109461574
2025-11-11,-0.0020088545709578054,0.003079882100512282,-0.006523103787803338,-0.007708993037877651,-0.016591208400582976
2025-11-12,-0.02240034710103445,0.012177358084218983,0.00045518484891808147,0.0028944784618421494,0.0032512930472768198
2025-11-13,0.01850799494716773,-0.013760510706347245,0.004819067082859485,0.005321788738182455,-0.00880590569333574
2025-11-14,-0.0048723634090862755,-0.01452735894498921,-0.004007634135182865,-0.003788125357331345,-0.011551192295652697
2025-11-17,0.00154070957628379,-0.01353649062106542,0.0013706823843236185,-0.0055708210990709755,-0.004315145423725076
2025-11-18,0.015166369351925765,0.0038781030997619916,-0.003362281030451911,-0.01070660468224523,-0.0017085768262820006
2025-11-19,-0.01785045517434997,0.015922957901239328,-0.002440382390180175,-0.001183867854726509,-0.0063541199608580495
2025-11-20,-0.013874885072732513,-0.005196270877314518,0.005683229412868992,-0.002772227772951308,0.006072460203806059
2025-11-21,-0.01783932483187258,-0.031280360202740415,-0.0019514694563496607,-0.0076576729721393585,-0.004357067845904354
2025-11-24,-0.008687198813248547,-0.021230196906171932,0.0018462053474781889,0.002441730098634498,0.010018284255819429
2025-11-25,0.0053024708607236634,-0.010257180959535702,-0.00697333334201675,-0.002108907417952946,0.0029728480189361917
2025-11-26,0.006261191770457496,-0.006788628263376476,0.007138105105890798,-0.005262469504022122,-0.0068918268973767694
2025-11-27,0.003450115055339524,-0.004907117838014575,0.0023770184919659236,-0.0026360520685145207,-0.008588964760453548
2025-11-28,-0.015701799066263483,0.0007241716986147882,-0.0005905782193093811,0.005557597565249163,-0.016466312989887575
2025-12-01,-0.025876650523249542,-0.0036895393499669763,0.0022745676826504504,0.0031972467481199804,0.0030692038851217276
2025-12-02,0.0009337720452074533,0.013458531668320126,-0.005229410225797938,-0.0004965395987597356,-0.003435017655977618
2025-12-03,-0.005031977080514592,-0.008278922251470635,0.004568752435443885,0.0032787261859493037,-0.02377059464816102
2025-12-04,0.005526405350904507,-0.010626089865890287,-0.0011253410001288609,-0.005691716185347504,-0.005260609499630885
2025-12-05,0.008276866289809469,0.00627135992322511,-0.0006721039179189526,0.00032186013289746136,-0.008942680498597205
2025-12-08,0.0018849708179433354,-0.019109176284918913,-0.001759077204918219,0.0009011649187942928,0.016020226242415066
2025-12-09,0.008936559348389191,0.005147749239339961,-0.002095449665201685,-0.0022090232857393957,-0.017023506329661462
2025-12-10,0.002916473004213997,0.001530143906179135,0.002724814465597639,0.0023532338982984314,-0.014388561656255372
2025-12-11,0.0063278291308638025,-0.00161950552860771,0.001066443326597288,-0.0037742847666493162,0.011326331321227177
2025-12-12,-0.007672783435868914,0.02024849329915583,0.002562582777207782,0.002727985027314047,0.013813776137134274
2025-12-15,-0.0017191416837971658,-0.007600981734012616,6.596554743941115e-05,0.002939836955494749,-0.007369833346745844
2025-12-16,0.0025486915276731054,0.026195412313562177,0.002038919310628566,-0.014542373801154198,-0.006231937375499745
2025-12-17,0.009621378701466596,-0.002602074058811592,-0.0014838930984756894,0.006157307064691213,0.00634995787309969
2025-12-18,-0.004147144922396555,-0.015850799683481066,0.008526800553108886,-0.015199894327794013,-0.023316072401572813
2025-12-19,0.00622694153233391,0.0011189991575530755,-0.0058270135864065655,-0.0029458651118320924,-0.018620180181304295
2025-12-22,-0.0026968682492908573,-0.013321319760811207,0.004865101459187837,0.005325998550987218,-0.0026906378286745097
2025-12-23,-0.0010153425824558583,-0.009233138190252576,0.00526941053657782,-0.0014402446399746705,0.0157603174501947
2025-12-24,0.00972332214455275,0.005240244638344222,-0.00312165119096323,-0.0072301526705713945,-0.0042528575950632665
2025-12-25,-0.022281720067171447,0.007237771616428911,0.008525068603278006,-0.005353186536501868,0.0011562361234334177
2025-12-26,-0.01438315409009437,-0.007600480993570213,0.0038618059509986855,0.0053338486819064276,0.011566410619773471
2025-12-29,-0.01648894236193311,0.012678230747897317,0.0037697667785316098,-0.00952474247158529,0.021374290966346507
2025-12-30,-0.026143259290868744,0.014821322230246904,0.00020512026072436404,0.005848310512159707,-0.005675197222035892
2025-12-31,-0.007373335533064179,0.018333796454817624,-0.0007218313549430612,-0.00011895831895278971,-3.0809335460613195e-05
2026-01-01,0.00881524198643568,0.006908077219038339,-0.0006922846203487096,-0.005850377477127677,0.018503479329650442
2026-01-02,-0.002912821363110149,0.017415682393065922,0.0015752732595252048,-0.0027798935880248288,-0.015203437694117933
2026-01-05,0.0025601890400884374,-0.023457737650764685,0.005395192669515835,-0.004967598668158378,0.010495932563719095
2026-01-06,0.012668025831562048,-0.003767150799189399,0.0007845096772370659,0.004524094846060902,-0.01012476693900534
2026-01-07,0.015372005996586832,-0.010685144255321887,-0.003345726737760717,0.003849819373854341,0.0011717132683596277
2026-01-08,-0.000466490174451033,0.0017401998970981067,0.0032152477508951907,-0.00850502760104858,-0.002306481254914988
2026-01-09,0.015665681640175014,-0.006961488194745734,0.0035808289134379883,-0.00187518293976101,-0.009516960438998212
2026-01-12,0.0013620784346147924,-0.0018552968008674641,0.0025735867859087154,-0.004191316694297513,-0.009769847164490187
2026-01-13,-0.00917774303357397,0.02395126979501287,0.002916927362543051,0.006677407672875865,0.002924883809351579
2026-01-14,-0.006422406158798502,-0.001900173209013482,-0.0009248057301783632,-0.006645129863841509,0.010172982156328041
2026-01-15,-0.016470245764816347,0.005451388408164112,-0.0034120426606515544,0.008243284933907967,-0.0011687291289340614
2026-01-16,-0.009753031002182501,-0.0026882232579387585,-0.0031822563756158046,-9.059556943158588e-06,0.0008455631046652201
2026-01-19,-0.0037420673476364972,0.0011919930041752551,-0.006082263699086981,-0.005696868848986362,0.005895782354548437
2026-01-20,0.0094292579684866,0.00031389828643806067,0.000994787920138679,-0.0032544109084941225,-0.009654107844650185
2026-01-21,0.019829156189665156,0.00588644754919188,-0.00021620040454865773,-0.003881049077340708,0.007594288599053257
2026-01-22,-0.015355004924417022,0.014919590190320907,-0.00156379085952476,-0.006264742809345228,0.008397091072727165
2026-01-23,0.004771705128192593,0.02099330870951879,-0.01107198276439101,0.0006366126129316433,0.026380975340093246
2026-01-26,-0.011481198930738368,0.004138941607824305,-0.004615210551875243,-0.006029382561497542,-0.0036518850359488304
2026-01-27,0.005700019363860576,0.007665687841251148,0.004335585810555518,-0.010829282708641258,-0.0044781416914474095
2026-01-28,-0.0011689225879116195,-0.014261434685882953,-0.0024128438094145697,-0.0017546594041782807,0.007889336366527604
2026-01-29,-0.02044306035041925,-0.0008690476498010163,0.0014621147833771611,-0.008926811070476572,0.008394682903356553
2026-01-30,0.010843358813887313,0.012084628973790371,-0.005157090507415733,-0.003631804322833884,-0.005254282682845417
2026-02-02,-0.006542602950148447,0.011148274573490482,0.005537001943760277,-0.004422717763964956,-0.003924608943720584
2026-02-03,-0.005736399349630523,0.0029041272760787227,-0.00044516703710682966,-0.004231786155141919,0.005592975078118836
2026-02-04,-0.011812391874043413,0.011405609431650685,0.001195456005289216,0.01024263634810924,-0.008202376215644918
2026-02-05,-0.007101414698698551,0.006421174589272622,0.00888982768294706,0.00044301773548844454,-0.003998904775977018
2026-02-06,0.005169281865148528,0.015360532649850633,0.005830811183899684,0.0013952838134856662,0.0010418991049915207
2026-02-09,-0.0018283688102998935,0.0038836779470848635,-0.001059502785718742,-0.008793475787023233,0.010177007293111492
2026-02-10,0.004044137132185979,-0.004243282308407292,-0.0021429551963232673,-0.003136934256903735,-0.005954892373681996
2026-02-11,0.004421268401182454,0.004469297361143463,-0.0011312381379912772,0.0012437534262414152,-0.018430601038359418
2026-02-12,0.01529235591711623,-0.03668392339100474,0.002026440576943967,-0.005004410249961586,-0.01917859782528018
2026-02-13,-0.0035693692885291795,0.005062002090612742,-0.00029850349529347755,0.004734936746857301,-0.012554801672671602
2026-02-16,-0.016428533276149324,-0.04572758578865181,-0.0013946761005558482,-0.005902290925004236,-0.013096597633302275
2026-02-17,0.012418625065358221,-0.02147550271292729,0.005644630231538969,-0.001284419516336106,-0.0014194410818665977
2026-02-18,-0.0034412622508056085,0.005929844610654403,-0.0003324664663761607,-0.0027946924980639127,-0.01184389673046172
2026-02-19,0.012955750695502952,0.006254399381644898,0.00879083614608252,0.0009868284444343534,-0.006944215325602899
2026-02-20,0.004664548173894656,-0.014407130805116351,0.00044218100208731197,-0.003069036407622883,-0.007663163473274356
2026-02-23,-0.0011694995073908488,-0.008733547194823686,0.006847075609474638,-0.0012064454012355073,-0.004301013017293347
2026-02-24,0.004272207227206217,0.017505288654731426,0.0014497468222141826,-0.0010312536506096647,0.013468479627997082
2026-02-25,0.022439863341135916,-0.0058601112152532105,0.003738855205175258,-0.0035422362640275917,0.0068106934701911166
2026-02-26,0.023868205850887145,0.028496235034064756,-0.0026395659930292374,0.0026033734702837394,0.0003014581140820031
2026-02-27,0.0011041684427775978,0.00021390736162681267,-0.0031277001972138366,0.0013600946449562063,-0.004507819249328193
2026-03-02,0.0021338509129840313,0.005378867856882833,0.0018367315394707817,-0.0002878421495215998,-0.004227685851135316
2026-03-03,0.01252087663590482,0.020608797903116486,0.0038355864025060053,-0.0020105759367282303,0.003442262803449505
2026-03-04,-0.009271434480370157,0.0018888817354940583,0.00025136162484434767,0.004172934755051978,0.0060267597144325405
2026-03-05,0.0040941233533096895,-0.012390251909763752,-0.004762903440568568,-0.0010297627170132635,-0.009009035708104778
2026-03-06,2.4203186538404337e-05,-0.0011443407103806885,-0.005042087016503029,-0.0013868788914897028,0.0005065803441078598
2026-03-09,0.003876844868965016,-0.00021055786649003974,-0.005294862232439722,0.0006863183184099693,-0.02033791163444323
2026-03-10,-0.009132053729429565,-0.016956033407508318,-0.006581777254759549,0.00870872337931083,0.002272763258564328
2026-03-11,-0.017706540880173365,-0.002985085896011206,0.0005130221110627917,-0.00659603021206158,0.007820631197990136
2026-03-12,-0.02318796244077885,-0.009112646217883295,0.004351472679012429,0.0040384442237460004,-0.00268393753685639
2026-03-13,-0.012352484604989679,0.01188390832367323,4.849944085595494e-05,-0.009381955711584868,0.01844776005697234
2026-03-16,-0.004883428553173246,0.0006741638643049652,-0.008444358376188467,0.0012536839553825892,-0.00874315978792808
2026-03-17,-0.0030070197886928355,-0.0033247963050984596,-0.0006218004194071037,0.008096401503837057,0.0023304822750490127
2026-03-18,0.022283596979602065,-0.0010996713436002407,-0.0005161160204803937,0.002621388043083257,-0.00022219061762542925
2026-03-19,0.012858246353721653,0.0030491684415499608,0.008021336979775919,0.0010185997306295027,-0.0008720165782925125
2026-03-20,-0.01059162753578735,0.008009223702440433,-0.005408257284377703,-0.0026656696829292516,-0.0010133702573294251
2026-03-23,0.004260103577204713,-0.012357094950901521,-0.0013774161926227836,0.0003151933423444017,0.0012184061215333537
2026-03-24,-0.0042983730148099695,-0.012884675450459014,0.006546723443540387,-0.0011115470304585303,0.00868550967840419
2026-03-25,-0.002906922528170856,0.014155745154557366,0.001799964615732491,-0.0038022196334612374,0.014025164901936884
2026-03-26,0.0024188556599516473,-0.004956861048742564,0.002228329638914784,-0.001302105631152302,0.00011620855613806868
2026-03-27,0.00733820086536449,-0.017612437257427036,0.0005322948127542403,0.001158477236478573,0.008356502477003673
2026-03-30,-0.00352936930479362,0.005829609798654653,0.001346275706320275,-0.003707680441148076,-0.006934257085004954
2026-03-31,0.01238040283536033,0.0060760060562796495,0.0030382941123931447,-0.0039045482872965996,0.007858994196574614
2026-04-01,-0.012630902078129846,-0.019047104279778584,-0.002960364350078487,-0.006696252428653652,-0.007541263770864882
2026-04-02,0.00038933852841414,0.0031292930931104174,0.0034179558296890357,0.0021277992064262408,0.01113170776824431
2026-04-03,0.02977231175114159,0.009505571100901502,-0.005090257267965869,0.0029069010831175284,0.02242005460186466
2026-04-06,0.0028469468382722016,0.004954921168793645,0.0013403206272501545,0.001326189061702676,-0.0010916010412451013
2026-04-07,0.016568585288417766,0.00820031352014408,0.0007747836891431319,0.005022732247373443,-0.021959872312520008
2026-04-08,0.0013552015948487335,-0.017454032416005186,-0.002230162573771243,0.0006015414273139348,-0.005385167041364468
2026-04-09,0.006902853580625007,0.004408809162362904,1.3464067871076274e-05,0.0021342795901341774,0.012555023180750956
2026-04-10,-0.0003264005868721073,-0.0035745553589189762,-0.0022537742580868467,0.0016899268582179147,0.005713378924665776
2026-04-13,-0.0016147800308848517,-0.005844489025784813,-0.0039514439230995384,-0.00030258817725193943,0.0026477021461698974
2026-04-14,-0.00852103928148846,0.011206064976080357,-0.001237331745416602,-0.0025163604083473976,0.010305310318210338
2026-04-15,0.005196619108666694,0.018875202266860833,-0.00407347847855791,0.011317010513260714,0.005021720591903222
2026-04-16,-0.009338063831290403,0.02284503297378067,0.0013192660832535437,-0.0021188886936209773,0.01241240512208972
2026-04-17,0.007864487510038133,0.016803117380165676,-0.004247708227922198,-0.00319697808356619,0.009405808499984462
2026-04-20,0.012623458238435152,-0.0011444254996031353,0.002790226552101261,0.0023459340814121245,0.015476187814132278
2026-04-21,0.004473535822792819,0.0046819515893612535,-0.0043663647836051445,0.0014279571100904742,0.0037552134961262723
2026-04-22,-0.002928295234377755,0.009899155325607034,-0.002041187244147449,-0.006920753801007896,0.009263046025483848
2026-04-23,0.0054649461458925125,0.0017647938963389045,-0.002261572631051824,0.005816496756664858,-0.0029566610397973856
2026-04-24,-0.003182563145692115,0.0018855691505107856,0.005107790199597146,-0.00031596588170725,-0.005923266275820491
2026-04-27,0.010925567605012293,0.010616409184071291,0.0013475850015585637,-0.005439836320640153,0.017341489735826474
2026-04-28,-0.020448732747127527,-0.0005087958973642295,-0.0007010722017629682,0.006149638976110197,0.0023180271968471643
2026-04-29,-0.0034879695434090175,-0.008950056514537588,0.0019841886564400924,0.0033118386613046565,0.00825132245986336
2026-04-30,-0.02225622588046438,-0.004983774558743728,-0.00786523210166907,-0.006213962475731599,0.0013860710045463626
2026-05-01,-0.016634936046946578,0.008224615299935708,-6.382329556986923e-05,0.00911488983418419,-0.005772633215421195
2026-05-04,0.01578220438592443,0.0002758071624603856,0.007649100284630717,0.003478756827455409,0.00024958604107620265
2026-05-05,0.010467903916161403,0.004524338058745995,0.0005994291246773336,0.00010734656581066928,0.01461234814675494
2026-05-06,-0.007840678698960931,0.008680300159874338,0.0003558940011610931,0.008172679663212806,0.005735182810718933
2026-05-07,-0.016719327491250886,-0.004484463294774856,0.0021709368907349915,0.0009615155309529306,-0.017111139134763375
